INSERT INTO src_dynamics_service_catalog (
    service_code,
    service_name,
    service_owner,
    service_category,
    unit_of_measure,
    business_criticality,
    capacity_users
) VALUES
    ('VPN', 'VPN', 'Leitung Netzwerkservices', 'Connectivity', 'Durchschnittliche tägliche Verbindungen', 'High', 1200),
    ('CLOUD_STORAGE', 'Cloud Storage', 'Leitung Workplace-Plattform', 'Collaboration', 'Gespeicherte TB', 'High', 800),
    ('EMAIL', 'Email', 'Product Owner Messaging', 'Collaboration', 'Verarbeitete Nachrichten', 'High', 1300),
    ('IDENTITY_ACCESS', 'Identity & Access', 'Leitung IAM-Service', 'Security', 'Provisioning-Ereignisse', 'Critical', 1300),
    ('SERVICE_DESK', 'Service Desk', 'Leitung End User Support', 'Support', 'Bearbeitete Requests', 'High', 1300);

INSERT INTO ref_sap_cost_center_mapping (
    cost_center,
    service_code,
    cost_bucket,
    allocation_method
) VALUES
    ('CC_VPN', 'VPN', 'Software', 'DIRECT'),
    ('CC_STORAGE', 'CLOUD_STORAGE', 'Hosting', 'DIRECT'),
    ('CC_EMAIL', 'EMAIL', 'Software', 'DIRECT'),
    ('CC_IAM', 'IDENTITY_ACCESS', 'Personalkosten', 'DIRECT'),
    ('CC_SVC_DESK', 'SERVICE_DESK', 'Personalkosten', 'DIRECT'),
    ('CC_SHARED', NULL, 'Shared Overhead', 'ACTIVE_USERS');

INSERT INTO src_sap_cost_postings (
    posting_id,
    posting_month,
    company_code,
    cost_center,
    gl_account,
    cost_element_name,
    vendor_name,
    amount_chf
) VALUES
    (1, DATE '2026-01-01', 'CH01', 'CC_VPN', '620200', 'VPN-Abonnement', 'SecureNet AG', 18500.00),
    (2, DATE '2026-01-01', 'CH01', 'CC_STORAGE', '630100', 'Cloud-Storage-Hosting', 'Azure Cloud', 24000.00),
    (3, DATE '2026-01-01', 'CH01', 'CC_EMAIL', '620210', 'Lizenz Email-Plattform', 'MailWorks Ltd', 21000.00),
    (4, DATE '2026-01-01', 'CH01', 'CC_IAM', '610100', 'Personalkosten IAM-Betrieb', NULL, 16000.00),
    (5, DATE '2026-01-01', 'CH01', 'CC_SVC_DESK', '610120', 'Personalkosten Service Desk', NULL, 28000.00),
    (6, DATE '2026-01-01', 'CH01', 'CC_SHARED', '630900', 'Monitoring-Plattform', 'ObserveIT', 3000.00),
    (7, DATE '2026-01-01', 'CH01', 'CC_SHARED', '610900', 'Architektur-Gemeinkosten', NULL, 4500.00),
    (8, DATE '2026-02-01', 'CH01', 'CC_VPN', '620200', 'VPN-Abonnement', 'SecureNet AG', 18750.00),
    (9, DATE '2026-02-01', 'CH01', 'CC_STORAGE', '630100', 'Cloud-Storage-Hosting', 'Azure Cloud', 25500.00),
    (10, DATE '2026-02-01', 'CH01', 'CC_EMAIL', '620210', 'Lizenz Email-Plattform', 'MailWorks Ltd', 21250.00),
    (11, DATE '2026-02-01', 'CH01', 'CC_IAM', '610100', 'Personalkosten IAM-Betrieb', NULL, 16400.00),
    (12, DATE '2026-02-01', 'CH01', 'CC_SVC_DESK', '610120', 'Personalkosten Service Desk', NULL, 28600.00),
    (13, DATE '2026-02-01', 'CH01', 'CC_SHARED', '630900', 'Monitoring-Plattform', 'ObserveIT', 3200.00),
    (14, DATE '2026-02-01', 'CH01', 'CC_SHARED', '610900', 'Architektur-Gemeinkosten', NULL, 4700.00),
    (15, DATE '2026-03-01', 'CH01', 'CC_VPN', '620200', 'VPN-Abonnement', 'SecureNet AG', 19000.00),
    (16, DATE '2026-03-01', 'CH01', 'CC_STORAGE', '630100', 'Cloud-Storage-Hosting', 'Azure Cloud', 26800.00),
    (17, DATE '2026-03-01', 'CH01', 'CC_EMAIL', '620210', 'Lizenz Email-Plattform', 'MailWorks Ltd', 21400.00),
    (18, DATE '2026-03-01', 'CH01', 'CC_IAM', '610100', 'Personalkosten IAM-Betrieb', NULL, 16650.00),
    (19, DATE '2026-03-01', 'CH01', 'CC_SVC_DESK', '610120', 'Personalkosten Service Desk', NULL, 28950.00),
    (20, DATE '2026-03-01', 'CH01', 'CC_SHARED', '630900', 'Monitoring-Plattform', 'ObserveIT', 3300.00),
    (21, DATE '2026-03-01', 'CH01', 'CC_SHARED', '610900', 'Architektur-Gemeinkosten', NULL, 4800.00),
    (22, DATE '2026-04-01', 'CH01', 'CC_VPN', '620200', 'VPN-Abonnement', 'SecureNet AG', 19150.00),
    (23, DATE '2026-04-01', 'CH01', 'CC_STORAGE', '630100', 'Cloud-Storage-Hosting', 'Azure Cloud', 27450.00),
    (24, DATE '2026-04-01', 'CH01', 'CC_EMAIL', '620210', 'Lizenz Email-Plattform', 'MailWorks Ltd', 21580.00),
    (25, DATE '2026-04-01', 'CH01', 'CC_IAM', '610100', 'Personalkosten IAM-Betrieb', NULL, 16850.00),
    (26, DATE '2026-04-01', 'CH01', 'CC_SVC_DESK', '610120', 'Personalkosten Service Desk', NULL, 29150.00),
    (27, DATE '2026-04-01', 'CH01', 'CC_SHARED', '630900', 'Monitoring-Plattform', 'ObserveIT', 3350.00),
    (28, DATE '2026-04-01', 'CH01', 'CC_SHARED', '610900', 'Architektur-Gemeinkosten', NULL, 4850.00),
    (29, DATE '2026-05-01', 'CH01', 'CC_VPN', '620200', 'VPN-Abonnement', 'SecureNet AG', 19300.00),
    (30, DATE '2026-05-01', 'CH01', 'CC_STORAGE', '630100', 'Cloud-Storage-Hosting', 'Azure Cloud', 28100.00),
    (31, DATE '2026-05-01', 'CH01', 'CC_EMAIL', '620210', 'Lizenz Email-Plattform', 'MailWorks Ltd', 21720.00),
    (32, DATE '2026-05-01', 'CH01', 'CC_IAM', '610100', 'Personalkosten IAM-Betrieb', NULL, 17050.00),
    (33, DATE '2026-05-01', 'CH01', 'CC_SVC_DESK', '610120', 'Personalkosten Service Desk', NULL, 29400.00),
    (34, DATE '2026-05-01', 'CH01', 'CC_SHARED', '630900', 'Monitoring-Plattform', 'ObserveIT', 3400.00),
    (35, DATE '2026-05-01', 'CH01', 'CC_SHARED', '610900', 'Architektur-Gemeinkosten', NULL, 4900.00),
    (36, DATE '2026-06-01', 'CH01', 'CC_VPN', '620200', 'VPN-Abonnement', 'SecureNet AG', 19450.00),
    (37, DATE '2026-06-01', 'CH01', 'CC_STORAGE', '630100', 'Cloud-Storage-Hosting', 'Azure Cloud', 28900.00),
    (38, DATE '2026-06-01', 'CH01', 'CC_EMAIL', '620210', 'Lizenz Email-Plattform', 'MailWorks Ltd', 21880.00),
    (39, DATE '2026-06-01', 'CH01', 'CC_IAM', '610100', 'Personalkosten IAM-Betrieb', NULL, 17200.00),
    (40, DATE '2026-06-01', 'CH01', 'CC_SVC_DESK', '610120', 'Personalkosten Service Desk', NULL, 29700.00),
    (41, DATE '2026-06-01', 'CH01', 'CC_SHARED', '630900', 'Monitoring-Plattform', 'ObserveIT', 3450.00),
    (42, DATE '2026-06-01', 'CH01', 'CC_SHARED', '610900', 'Architektur-Gemeinkosten', NULL, 5000.00),
    (43, DATE '2026-07-01', 'CH01', 'CC_VPN', '620200', 'VPN-Abonnement', 'SecureNet AG', 19650.00),
    (44, DATE '2026-07-01', 'CH01', 'CC_STORAGE', '630100', 'Cloud-Storage-Hosting', 'Azure Cloud', 29850.00),
    (45, DATE '2026-07-01', 'CH01', 'CC_EMAIL', '620210', 'Lizenz Email-Plattform', 'MailWorks Ltd', 22020.00),
    (46, DATE '2026-07-01', 'CH01', 'CC_IAM', '610100', 'Personalkosten IAM-Betrieb', NULL, 17400.00),
    (47, DATE '2026-07-01', 'CH01', 'CC_SVC_DESK', '610120', 'Personalkosten Service Desk', NULL, 30050.00),
    (48, DATE '2026-07-01', 'CH01', 'CC_SHARED', '630900', 'Monitoring-Plattform', 'ObserveIT', 3500.00),
    (49, DATE '2026-07-01', 'CH01', 'CC_SHARED', '610900', 'Architektur-Gemeinkosten', NULL, 5100.00),
    (50, DATE '2026-08-01', 'CH01', 'CC_VPN', '620200', 'VPN-Abonnement', 'SecureNet AG', 19800.00),
    (51, DATE '2026-08-01', 'CH01', 'CC_STORAGE', '630100', 'Cloud-Storage-Hosting', 'Azure Cloud', 30600.00),
    (52, DATE '2026-08-01', 'CH01', 'CC_EMAIL', '620210', 'Lizenz Email-Plattform', 'MailWorks Ltd', 22100.00),
    (53, DATE '2026-08-01', 'CH01', 'CC_IAM', '610100', 'Personalkosten IAM-Betrieb', NULL, 17550.00),
    (54, DATE '2026-08-01', 'CH01', 'CC_SVC_DESK', '610120', 'Personalkosten Service Desk', NULL, 30200.00),
    (55, DATE '2026-08-01', 'CH01', 'CC_SHARED', '630900', 'Monitoring-Plattform', 'ObserveIT', 3525.00),
    (56, DATE '2026-08-01', 'CH01', 'CC_SHARED', '610900', 'Architektur-Gemeinkosten', NULL, 5125.00),
    (57, DATE '2026-09-01', 'CH01', 'CC_VPN', '620200', 'VPN-Abonnement', 'SecureNet AG', 19950.00),
    (58, DATE '2026-09-01', 'CH01', 'CC_STORAGE', '630100', 'Cloud-Storage-Hosting', 'Azure Cloud', 31450.00),
    (59, DATE '2026-09-01', 'CH01', 'CC_EMAIL', '620210', 'Lizenz Email-Plattform', 'MailWorks Ltd', 22250.00),
    (60, DATE '2026-09-01', 'CH01', 'CC_IAM', '610100', 'Personalkosten IAM-Betrieb', NULL, 17700.00),
    (61, DATE '2026-09-01', 'CH01', 'CC_SVC_DESK', '610120', 'Personalkosten Service Desk', NULL, 30500.00),
    (62, DATE '2026-09-01', 'CH01', 'CC_SHARED', '630900', 'Monitoring-Plattform', 'ObserveIT', 3575.00),
    (63, DATE '2026-09-01', 'CH01', 'CC_SHARED', '610900', 'Architektur-Gemeinkosten', NULL, 5175.00),
    (64, DATE '2026-10-01', 'CH01', 'CC_VPN', '620200', 'VPN-Abonnement', 'SecureNet AG', 20100.00),
    (65, DATE '2026-10-01', 'CH01', 'CC_STORAGE', '630100', 'Cloud-Storage-Hosting', 'Azure Cloud', 32300.00),
    (66, DATE '2026-10-01', 'CH01', 'CC_EMAIL', '620210', 'Lizenz Email-Plattform', 'MailWorks Ltd', 22400.00),
    (67, DATE '2026-10-01', 'CH01', 'CC_IAM', '610100', 'Personalkosten IAM-Betrieb', NULL, 17900.00),
    (68, DATE '2026-10-01', 'CH01', 'CC_SVC_DESK', '610120', 'Personalkosten Service Desk', NULL, 30800.00),
    (69, DATE '2026-10-01', 'CH01', 'CC_SHARED', '630900', 'Monitoring-Plattform', 'ObserveIT', 3625.00),
    (70, DATE '2026-10-01', 'CH01', 'CC_SHARED', '610900', 'Architektur-Gemeinkosten', NULL, 5225.00),
    (71, DATE '2026-11-01', 'CH01', 'CC_VPN', '620200', 'VPN-Abonnement', 'SecureNet AG', 20250.00),
    (72, DATE '2026-11-01', 'CH01', 'CC_STORAGE', '630100', 'Cloud-Storage-Hosting', 'Azure Cloud', 33150.00),
    (73, DATE '2026-11-01', 'CH01', 'CC_EMAIL', '620210', 'Lizenz Email-Plattform', 'MailWorks Ltd', 22550.00),
    (74, DATE '2026-11-01', 'CH01', 'CC_IAM', '610100', 'Personalkosten IAM-Betrieb', NULL, 18050.00),
    (75, DATE '2026-11-01', 'CH01', 'CC_SVC_DESK', '610120', 'Personalkosten Service Desk', NULL, 31150.00),
    (76, DATE '2026-11-01', 'CH01', 'CC_SHARED', '630900', 'Monitoring-Plattform', 'ObserveIT', 3675.00),
    (77, DATE '2026-11-01', 'CH01', 'CC_SHARED', '610900', 'Architektur-Gemeinkosten', NULL, 5275.00),
    (78, DATE '2026-12-01', 'CH01', 'CC_VPN', '620200', 'VPN-Abonnement', 'SecureNet AG', 20400.00),
    (79, DATE '2026-12-01', 'CH01', 'CC_STORAGE', '630100', 'Cloud-Storage-Hosting', 'Azure Cloud', 34000.00),
    (80, DATE '2026-12-01', 'CH01', 'CC_EMAIL', '620210', 'Lizenz Email-Plattform', 'MailWorks Ltd', 22750.00),
    (81, DATE '2026-12-01', 'CH01', 'CC_IAM', '610100', 'Personalkosten IAM-Betrieb', NULL, 18250.00),
    (82, DATE '2026-12-01', 'CH01', 'CC_SVC_DESK', '610120', 'Personalkosten Service Desk', NULL, 31500.00),
    (83, DATE '2026-12-01', 'CH01', 'CC_SHARED', '630900', 'Monitoring-Plattform', 'ObserveIT', 3725.00),
    (84, DATE '2026-12-01', 'CH01', 'CC_SHARED', '610900', 'Architektur-Gemeinkosten', NULL, 5350.00);

INSERT INTO src_dynamics_service_requests_monthly (
    request_month,
    service_code,
    total_requests,
    automated_requests,
    avg_fulfillment_hours
) VALUES
    (DATE '2026-01-01', 'VPN', 40, 18, 10.00),
    (DATE '2026-01-01', 'CLOUD_STORAGE', 26, 8, 16.00),
    (DATE '2026-01-01', 'EMAIL', 34, 14, 8.00),
    (DATE '2026-01-01', 'IDENTITY_ACCESS', 150, 90, 6.00),
    (DATE '2026-01-01', 'SERVICE_DESK', 480, 210, 14.00),
    (DATE '2026-02-01', 'VPN', 42, 19, 9.00),
    (DATE '2026-02-01', 'CLOUD_STORAGE', 28, 9, 17.00),
    (DATE '2026-02-01', 'EMAIL', 33, 14, 8.00),
    (DATE '2026-02-01', 'IDENTITY_ACCESS', 165, 102, 5.00),
    (DATE '2026-02-01', 'SERVICE_DESK', 500, 225, 13.00),
    (DATE '2026-03-01', 'VPN', 44, 20, 9.00),
    (DATE '2026-03-01', 'CLOUD_STORAGE', 30, 10, 18.00),
    (DATE '2026-03-01', 'EMAIL', 35, 15, 7.00),
    (DATE '2026-03-01', 'IDENTITY_ACCESS', 180, 118, 5.00),
    (DATE '2026-03-01', 'SERVICE_DESK', 520, 245, 12.00),
    (DATE '2026-04-01', 'VPN', 45, 21, 8.00),
    (DATE '2026-04-01', 'CLOUD_STORAGE', 31, 10, 18.00),
    (DATE '2026-04-01', 'EMAIL', 36, 15, 7.00),
    (DATE '2026-04-01', 'IDENTITY_ACCESS', 188, 125, 5.00),
    (DATE '2026-04-01', 'SERVICE_DESK', 530, 255, 12.00),
    (DATE '2026-05-01', 'VPN', 46, 22, 8.00),
    (DATE '2026-05-01', 'CLOUD_STORAGE', 32, 11, 18.00),
    (DATE '2026-05-01', 'EMAIL', 36, 16, 7.00),
    (DATE '2026-05-01', 'IDENTITY_ACCESS', 194, 132, 5.00),
    (DATE '2026-05-01', 'SERVICE_DESK', 540, 268, 12.00),
    (DATE '2026-06-01', 'VPN', 48, 23, 8.00),
    (DATE '2026-06-01', 'CLOUD_STORAGE', 34, 12, 17.00),
    (DATE '2026-06-01', 'EMAIL', 37, 16, 7.00),
    (DATE '2026-06-01', 'IDENTITY_ACCESS', 205, 145, 5.00),
    (DATE '2026-06-01', 'SERVICE_DESK', 555, 282, 11.00),
    (DATE '2026-07-01', 'VPN', 49, 24, 8.00),
    (DATE '2026-07-01', 'CLOUD_STORAGE', 35, 12, 17.00),
    (DATE '2026-07-01', 'EMAIL', 38, 17, 7.00),
    (DATE '2026-07-01', 'IDENTITY_ACCESS', 212, 152, 5.00),
    (DATE '2026-07-01', 'SERVICE_DESK', 565, 292, 11.00),
    (DATE '2026-08-01', 'VPN', 50, 25, 8.00),
    (DATE '2026-08-01', 'CLOUD_STORAGE', 36, 13, 17.00),
    (DATE '2026-08-01', 'EMAIL', 38, 17, 7.00),
    (DATE '2026-08-01', 'IDENTITY_ACCESS', 220, 160, 5.00),
    (DATE '2026-08-01', 'SERVICE_DESK', 575, 305, 11.00),
    (DATE '2026-09-01', 'VPN', 52, 26, 8.00),
    (DATE '2026-09-01', 'CLOUD_STORAGE', 38, 14, 16.00),
    (DATE '2026-09-01', 'EMAIL', 39, 18, 7.00),
    (DATE '2026-09-01', 'IDENTITY_ACCESS', 228, 168, 4.50),
    (DATE '2026-09-01', 'SERVICE_DESK', 585, 318, 11.00),
    (DATE '2026-10-01', 'VPN', 54, 27, 7.50),
    (DATE '2026-10-01', 'CLOUD_STORAGE', 40, 15, 16.00),
    (DATE '2026-10-01', 'EMAIL', 40, 18, 7.00),
    (DATE '2026-10-01', 'IDENTITY_ACCESS', 236, 176, 4.50),
    (DATE '2026-10-01', 'SERVICE_DESK', 595, 330, 10.50),
    (DATE '2026-11-01', 'VPN', 55, 28, 7.50),
    (DATE '2026-11-01', 'CLOUD_STORAGE', 41, 16, 16.00),
    (DATE '2026-11-01', 'EMAIL', 41, 19, 6.50),
    (DATE '2026-11-01', 'IDENTITY_ACCESS', 242, 182, 4.50),
    (DATE '2026-11-01', 'SERVICE_DESK', 605, 342, 10.50),
    (DATE '2026-12-01', 'VPN', 57, 29, 7.50),
    (DATE '2026-12-01', 'CLOUD_STORAGE', 43, 17, 15.50),
    (DATE '2026-12-01', 'EMAIL', 42, 19, 6.50),
    (DATE '2026-12-01', 'IDENTITY_ACCESS', 250, 190, 4.50),
    (DATE '2026-12-01', 'SERVICE_DESK', 620, 360, 10.00);

INSERT INTO src_sql_service_usage_monthly (
    usage_month,
    service_code,
    active_users,
    usage_volume,
    usage_unit,
    availability_pct
) VALUES
    (DATE '2026-01-01', 'VPN', 820, 780.00, 'Durchschnittliche tägliche Verbindungen', 99.70),
    (DATE '2026-01-01', 'CLOUD_STORAGE', 560, 122.00, 'Gespeicherte TB', 99.50),
    (DATE '2026-01-01', 'EMAIL', 980, 1200000.00, 'Verarbeitete Nachrichten', 99.90),
    (DATE '2026-01-01', 'IDENTITY_ACCESS', 990, 4200.00, 'Provisioning-Ereignisse', 99.80),
    (DATE '2026-01-01', 'SERVICE_DESK', 1000, 3100.00, 'Bearbeitete Requests', 99.20),
    (DATE '2026-02-01', 'VPN', 840, 805.00, 'Durchschnittliche tägliche Verbindungen', 99.80),
    (DATE '2026-02-01', 'CLOUD_STORAGE', 575, 128.00, 'Gespeicherte TB', 99.50),
    (DATE '2026-02-01', 'EMAIL', 985, 1240000.00, 'Verarbeitete Nachrichten', 99.90),
    (DATE '2026-02-01', 'IDENTITY_ACCESS', 995, 4380.00, 'Provisioning-Ereignisse', 99.80),
    (DATE '2026-02-01', 'SERVICE_DESK', 1000, 3250.00, 'Bearbeitete Requests', 99.30),
    (DATE '2026-03-01', 'VPN', 860, 830.00, 'Durchschnittliche tägliche Verbindungen', 99.80),
    (DATE '2026-03-01', 'CLOUD_STORAGE', 580, 134.00, 'Gespeicherte TB', 99.60),
    (DATE '2026-03-01', 'EMAIL', 990, 1260000.00, 'Verarbeitete Nachrichten', 99.90),
    (DATE '2026-03-01', 'IDENTITY_ACCESS', 1000, 4550.00, 'Provisioning-Ereignisse', 99.90),
    (DATE '2026-03-01', 'SERVICE_DESK', 1000, 3350.00, 'Bearbeitete Requests', 99.30),
    (DATE '2026-04-01', 'VPN', 875, 850.00, 'Durchschnittliche tägliche Verbindungen', 99.82),
    (DATE '2026-04-01', 'CLOUD_STORAGE', 585, 139.00, 'Gespeicherte TB', 99.60),
    (DATE '2026-04-01', 'EMAIL', 995, 1275000.00, 'Verarbeitete Nachrichten', 99.91),
    (DATE '2026-04-01', 'IDENTITY_ACCESS', 1005, 4680.00, 'Provisioning-Ereignisse', 99.90),
    (DATE '2026-04-01', 'SERVICE_DESK', 1002, 3400.00, 'Bearbeitete Requests', 99.35),
    (DATE '2026-05-01', 'VPN', 885, 862.00, 'Durchschnittliche tägliche Verbindungen', 99.84),
    (DATE '2026-05-01', 'CLOUD_STORAGE', 590, 145.00, 'Gespeicherte TB', 99.62),
    (DATE '2026-05-01', 'EMAIL', 1000, 1290000.00, 'Verarbeitete Nachrichten', 99.91),
    (DATE '2026-05-01', 'IDENTITY_ACCESS', 1015, 4820.00, 'Provisioning-Ereignisse', 99.90),
    (DATE '2026-05-01', 'SERVICE_DESK', 1004, 3480.00, 'Bearbeitete Requests', 99.36),
    (DATE '2026-06-01', 'VPN', 895, 876.00, 'Durchschnittliche tägliche Verbindungen', 99.85),
    (DATE '2026-06-01', 'CLOUD_STORAGE', 598, 151.00, 'Gespeicherte TB', 99.64),
    (DATE '2026-06-01', 'EMAIL', 1005, 1305000.00, 'Verarbeitete Nachrichten', 99.92),
    (DATE '2026-06-01', 'IDENTITY_ACCESS', 1025, 4975.00, 'Provisioning-Ereignisse', 99.91),
    (DATE '2026-06-01', 'SERVICE_DESK', 1006, 3560.00, 'Bearbeitete Requests', 99.37),
    (DATE '2026-07-01', 'VPN', 905, 888.00, 'Durchschnittliche tägliche Verbindungen', 99.86),
    (DATE '2026-07-01', 'CLOUD_STORAGE', 605, 158.00, 'Gespeicherte TB', 99.66),
    (DATE '2026-07-01', 'EMAIL', 1010, 1320000.00, 'Verarbeitete Nachrichten', 99.92),
    (DATE '2026-07-01', 'IDENTITY_ACCESS', 1035, 5150.00, 'Provisioning-Ereignisse', 99.91),
    (DATE '2026-07-01', 'SERVICE_DESK', 1008, 3640.00, 'Bearbeitete Requests', 99.38),
    (DATE '2026-08-01', 'VPN', 912, 900.00, 'Durchschnittliche tägliche Verbindungen', 99.86),
    (DATE '2026-08-01', 'CLOUD_STORAGE', 612, 164.00, 'Gespeicherte TB', 99.68),
    (DATE '2026-08-01', 'EMAIL', 1015, 1335000.00, 'Verarbeitete Nachrichten', 99.92),
    (DATE '2026-08-01', 'IDENTITY_ACCESS', 1045, 5325.00, 'Provisioning-Ereignisse', 99.92),
    (DATE '2026-08-01', 'SERVICE_DESK', 1010, 3720.00, 'Bearbeitete Requests', 99.38),
    (DATE '2026-09-01', 'VPN', 920, 914.00, 'Durchschnittliche tägliche Verbindungen', 99.87),
    (DATE '2026-09-01', 'CLOUD_STORAGE', 620, 169.00, 'Gespeicherte TB', 99.69),
    (DATE '2026-09-01', 'EMAIL', 1020, 1355000.00, 'Verarbeitete Nachrichten', 99.92),
    (DATE '2026-09-01', 'IDENTITY_ACCESS', 1055, 5480.00, 'Provisioning-Ereignisse', 99.92),
    (DATE '2026-09-01', 'SERVICE_DESK', 1012, 3810.00, 'Bearbeitete Requests', 99.39),
    (DATE '2026-10-01', 'VPN', 928, 928.00, 'Durchschnittliche tägliche Verbindungen', 99.88),
    (DATE '2026-10-01', 'CLOUD_STORAGE', 628, 174.00, 'Gespeicherte TB', 99.70),
    (DATE '2026-10-01', 'EMAIL', 1025, 1370000.00, 'Verarbeitete Nachrichten', 99.93),
    (DATE '2026-10-01', 'IDENTITY_ACCESS', 1065, 5660.00, 'Provisioning-Ereignisse', 99.93),
    (DATE '2026-10-01', 'SERVICE_DESK', 1014, 3880.00, 'Bearbeitete Requests', 99.40),
    (DATE '2026-11-01', 'VPN', 935, 940.00, 'Durchschnittliche tägliche Verbindungen', 99.88),
    (DATE '2026-11-01', 'CLOUD_STORAGE', 634, 178.00, 'Gespeicherte TB', 99.71),
    (DATE '2026-11-01', 'EMAIL', 1030, 1390000.00, 'Verarbeitete Nachrichten', 99.93),
    (DATE '2026-11-01', 'IDENTITY_ACCESS', 1075, 5880.00, 'Provisioning-Ereignisse', 99.93),
    (DATE '2026-11-01', 'SERVICE_DESK', 1015, 3940.00, 'Bearbeitete Requests', 99.41),
    (DATE '2026-12-01', 'VPN', 940, 955.00, 'Durchschnittliche tägliche Verbindungen', 99.89),
    (DATE '2026-12-01', 'CLOUD_STORAGE', 640, 182.00, 'Gespeicherte TB', 99.72),
    (DATE '2026-12-01', 'EMAIL', 1035, 1420000.00, 'Verarbeitete Nachrichten', 99.94),
    (DATE '2026-12-01', 'IDENTITY_ACCESS', 1085, 6100.00, 'Provisioning-Ereignisse', 99.94),
    (DATE '2026-12-01', 'SERVICE_DESK', 1015, 3980.00, 'Bearbeitete Requests', 99.42);

INSERT INTO src_sql_support_ticket_monthly (
    ticket_month,
    service_code,
    opened_tickets,
    resolved_tickets,
    sla_met_tickets,
    major_incidents,
    backlog_tickets
) VALUES
    (DATE '2026-01-01', 'VPN', 68, 65, 61, 0, 9),
    (DATE '2026-01-01', 'CLOUD_STORAGE', 54, 52, 46, 1, 7),
    (DATE '2026-01-01', 'EMAIL', 72, 70, 66, 0, 8),
    (DATE '2026-01-01', 'IDENTITY_ACCESS', 95, 91, 79, 1, 12),
    (DATE '2026-01-01', 'SERVICE_DESK', 420, 412, 360, 2, 35),
    (DATE '2026-02-01', 'VPN', 64, 63, 60, 0, 7),
    (DATE '2026-02-01', 'CLOUD_STORAGE', 57, 55, 48, 1, 8),
    (DATE '2026-02-01', 'EMAIL', 70, 68, 64, 0, 7),
    (DATE '2026-02-01', 'IDENTITY_ACCESS', 103, 98, 83, 1, 15),
    (DATE '2026-02-01', 'SERVICE_DESK', 438, 430, 374, 2, 38),
    (DATE '2026-03-01', 'VPN', 60, 61, 58, 0, 6),
    (DATE '2026-03-01', 'CLOUD_STORAGE', 61, 58, 50, 1, 10),
    (DATE '2026-03-01', 'EMAIL', 69, 68, 65, 0, 7),
    (DATE '2026-03-01', 'IDENTITY_ACCESS', 110, 105, 87, 1, 18),
    (DATE '2026-03-01', 'SERVICE_DESK', 455, 448, 388, 2, 40),
    (DATE '2026-04-01', 'VPN', 59, 60, 57, 0, 6),
    (DATE '2026-04-01', 'CLOUD_STORAGE', 63, 60, 52, 1, 11),
    (DATE '2026-04-01', 'EMAIL', 68, 67, 64, 0, 7),
    (DATE '2026-04-01', 'IDENTITY_ACCESS', 112, 108, 90, 1, 20),
    (DATE '2026-04-01', 'SERVICE_DESK', 462, 455, 395, 2, 42),
    (DATE '2026-05-01', 'VPN', 58, 58, 55, 0, 6),
    (DATE '2026-05-01', 'CLOUD_STORAGE', 64, 62, 54, 1, 12),
    (DATE '2026-05-01', 'EMAIL', 69, 68, 64, 0, 7),
    (DATE '2026-05-01', 'IDENTITY_ACCESS', 116, 113, 93, 1, 22),
    (DATE '2026-05-01', 'SERVICE_DESK', 470, 463, 402, 2, 44),
    (DATE '2026-06-01', 'VPN', 57, 57, 55, 0, 5),
    (DATE '2026-06-01', 'CLOUD_STORAGE', 66, 63, 55, 1, 12),
    (DATE '2026-06-01', 'EMAIL', 70, 69, 65, 0, 7),
    (DATE '2026-06-01', 'IDENTITY_ACCESS', 120, 117, 96, 1, 24),
    (DATE '2026-06-01', 'SERVICE_DESK', 482, 474, 411, 2, 46),
    (DATE '2026-07-01', 'VPN', 56, 56, 54, 0, 5),
    (DATE '2026-07-01', 'CLOUD_STORAGE', 67, 65, 56, 1, 13),
    (DATE '2026-07-01', 'EMAIL', 71, 70, 66, 0, 7),
    (DATE '2026-07-01', 'IDENTITY_ACCESS', 124, 121, 99, 1, 25),
    (DATE '2026-07-01', 'SERVICE_DESK', 495, 488, 422, 2, 48),
    (DATE '2026-08-01', 'VPN', 57, 57, 55, 0, 5),
    (DATE '2026-08-01', 'CLOUD_STORAGE', 69, 67, 58, 1, 14),
    (DATE '2026-08-01', 'EMAIL', 72, 71, 67, 0, 8),
    (DATE '2026-08-01', 'IDENTITY_ACCESS', 128, 124, 101, 1, 27),
    (DATE '2026-08-01', 'SERVICE_DESK', 508, 500, 432, 2, 50),
    (DATE '2026-09-01', 'VPN', 58, 58, 56, 0, 5),
    (DATE '2026-09-01', 'CLOUD_STORAGE', 71, 69, 59, 1, 15),
    (DATE '2026-09-01', 'EMAIL', 73, 72, 68, 0, 8),
    (DATE '2026-09-01', 'IDENTITY_ACCESS', 131, 127, 103, 1, 28),
    (DATE '2026-09-01', 'SERVICE_DESK', 520, 513, 442, 2, 52),
    (DATE '2026-10-01', 'VPN', 59, 59, 57, 0, 6),
    (DATE '2026-10-01', 'CLOUD_STORAGE', 74, 71, 61, 1, 16),
    (DATE '2026-10-01', 'EMAIL', 74, 73, 69, 0, 8),
    (DATE '2026-10-01', 'IDENTITY_ACCESS', 135, 130, 106, 1, 30),
    (DATE '2026-10-01', 'SERVICE_DESK', 540, 533, 458, 2, 55),
    (DATE '2026-11-01', 'VPN', 60, 60, 58, 0, 6),
    (DATE '2026-11-01', 'CLOUD_STORAGE', 76, 73, 62, 1, 17),
    (DATE '2026-11-01', 'EMAIL', 75, 74, 70, 0, 9),
    (DATE '2026-11-01', 'IDENTITY_ACCESS', 138, 134, 109, 1, 32),
    (DATE '2026-11-01', 'SERVICE_DESK', 558, 550, 470, 3, 58),
    (DATE '2026-12-01', 'VPN', 63, 62, 59, 1, 7),
    (DATE '2026-12-01', 'CLOUD_STORAGE', 79, 76, 64, 1, 19),
    (DATE '2026-12-01', 'EMAIL', 77, 75, 70, 1, 10),
    (DATE '2026-12-01', 'IDENTITY_ACCESS', 142, 138, 111, 2, 35),
    (DATE '2026-12-01', 'SERVICE_DESK', 590, 582, 492, 3, 64);

